github,successors,unresponsives,incompletes,ai,codehealth,coverage,test_runs,measured_time,estimated_time,entry-demo-1,entry-demo-2,entry-demo-3,entry-demo-4,entry-demo-5,entry-ai-1,entry-ai-2,entry-ai-3,entry-ai-4,entry-ai-5,entry-ai-6,entry-ai-7,entry-ai-8,entry-ai-9,entry-ai-10,entry-date,exit-uninterrupted,exit-used-ai,exit-ai-text,exit-ai-frequency,exit-resemblance,exit-tools-text,exit-space-1,exit-space-2,exit-space-3,exit-space-4,exit-space-5,exit-space-6,exit-space-7,exit-space-8,exit-space-9,exit-space-10,exit-final-text,exit-date,email-text,gh-commits,gh-additions,gh-deletions,gh-changes,gh-changed-files,gh-adds-unit-test,gh-adds-behavioural-test,gh-adds-functional,gh-adds-sql,gh-adds-logging,gh-adds-exception-handling,gh-adds-dependency,clean_time,pp_mean
anon126,3,0,0,True,8.34,0.74,10.0,3290,,Man,40-49,United Kingdom,Professional,Beginner,Yes,5.0,5.0,5.0,5.0,5.0,5.0,1.0,5.0,5.0,20/11/2024 10:55:37,Yes,Yes,"Cursor, Tailwind AI",Every statement,5.0,,5.0,5.0,5.0,1.0,5.0,5.0,5.0,5.0,5.0,1.0,,,,2,233,67,300,11,True,False,True,False,False,False,False,3290.0,5.0
anon094,1,1,1,True,8.5,0.71,,6601,,Man,30-39,Canada,Professional,Advanced,Yes,5.0,5.0,5.0,5.0,5.0,4.0,1.0,3.0,4.0,24/11/2024 18:44:55,"Yes, but breaks",Yes,GitHub Copilot,Sometimes,5.0,,4.0,4.0,5.0,1.0,5.0,5.0,5.0,4.0,4.0,2.0,Copilot helped me to find misspelling even in original code and did some refactoring. But I would say that the most important is to be able to debug code. Without it it doesn't matter if you use or not AI,11/26/2024 21:05:27,,4,135,93,228,7,False,False,True,False,False,False,False,6601.0,4.5
anon082,0,1,0,True,8.37,0.7,2.0,5327,,Man,30-39,Bulgaria,Professional,Advanced,Yes,5.0,5.0,5.0,5.0,5.0,5.0,1.0,5.0,5.0,23/11/2024 19:12:42,Yes,Yes,ChatGPT,Often,2.0,,4.0,4.0,4.0,4.0,5.0,4.0,4.0,5.0,5.0,2.0,"I was not sure how much I should make the task better so I did the bare minimum. Also what slowed me down was understanding that the api was somewhere else and accessing H2 from IntelliJ instead of the browser console, which was unnecessary at the end.",12/3/2024 16:34:47,,1,78,62,140,3,False,False,True,False,False,False,False,5327.0,4.1
anon126,1,2,0,True,8.88,0.91,287.0,462632,10800.0,Man,40-49,United Kingdom,Professional,Beginner,Yes,5.0,5.0,5.0,5.0,5.0,5.0,1.0,5.0,5.0,20/11/2024 10:55:37,No,Yes,"Cursor, Tailwind AI",Every statement,5.0,,5.0,5.0,5.0,1.0,5.0,5.0,5.0,5.0,5.0,1.0,,11/26/2024 19:36:21,,82,10788,481,11269,88,True,True,True,False,True,True,True,10800.0,5.0
anon009,0,0,0,True,8.22,0.7,2.0,4411980,10800.0,Woman,20-29,United Kingdom,Student,Beginner,Yes,5.0,5.0,4.0,5.0,5.0,4.0,2.0,3.0,4.0,16/11/2024 18:34:05,No,Yes,"GitHub Copilot, ChatGPT",Every statement,3.0,,4.0,3.0,2.0,4.0,2.0,3.0,1.0,4.0,2.0,4.0,"I tried using AI for all parts, I found that AI was good at new features, but was terrible at bug-fixing, it completely overlooked things and it took me some time to realise that api call to retrieve the data doesn't overwrite the data, but appends it, so I would manually need to clear it after implementing the fix - AI didn't help with this at all.",1/29/2025 18:28:30,"This is very approximate and reductive, but I estimate I spent: - 24th Nov - 1.0 hr - Reading and setting up - 8th Dec - 1.0 hr - Adding new functionality - 5th Jan - 1.0 hr - Bug fixing I hope this is useful and I am happy to give more information if needed.",1,46,38,84,4,False,False,True,False,True,False,False,10800.0,2.5
anon047,2,1,0,True,8.34,0.71,3.0,13201,10800.0,Man,30-39,Germany,Professional,Advanced,Yes,5.0,4.0,4.0,2.0,5.0,3.0,2.0,2.0,3.0,16/11/2024 11:22:41,"Yes, but breaks",Yes,GitHub Copilot,Often,5.0,,5.0,4.0,4.0,2.0,5.0,4.0,2.0,4.0,5.0,1.0,I enjoyed it quite a bit and I'm looking forward to seeing what comes of it. Thank you for all the work you do.,11/25/2024 19:05:47,"As you can imagine, it is difficult to retrace my steps almost three months after the fact. I didn't start the task until I cloned the repository at 13:42 (GMT+1). I distinctly remember having scheduled an uninterrupted couple hours, in order to complete the task in one sitting, but running out of time and having to interrupt, most likely for a late lunch. Knowing my habits, I'd assume that I probably planned to be done by 4 o'clock, which would mean that the lunch break took place between my 16:13 and 17:09 commits. It would have taken about 30 minutes. So all in all, I worked on the problem from 13:42 to 17:09 with about a 30 minute break, most likely between 16:13 and 17:09. That comes out to a total of 2 hours and 57 minutes spent on-task.",4,544,278,822,9,False,False,True,False,False,False,True,10800.0,4.2
anon139,1,2,0,True,8.48,0.83,9.0,92586,,Man,30-39,United Kingdom,Professional,Beginner,Yes,4.0,3.0,4.0,5.0,4.0,2.0,3.0,3.0,4.0,15/11/2024 14:22:32,No,Yes,"GitHub Copilot, ChatGPT, VS IntelliCode, Claude",Every statement,4.0,,3.0,4.0,3.0,4.0,5.0,3.0,2.0,5.0,4.0,2.0,"I went a bit deep in trying to make it more maintainable, which is why I spent 7 hours on Saturday and 2 hours on Sunday.",1/6/2025 19:53:47,,29,2032,642,2674,30,True,False,True,False,True,False,True,,3.5
anon004,1,0,2,True,8.35,0.69,2.0,8024,,Man,20-29,Germany,Professional,Intermediate,Yes,5.0,4.0,4.0,5.0,5.0,3.0,2.0,5.0,5.0,15/11/2024 10:22:59,Yes,Yes,"GitHub Copilot, Cursor",Often,3.0,,4.0,4.0,5.0,3.0,3.0,4.0,4.0,5.0,5.0,3.0,"The AI suggested a great rework (three classes added) to get the details, and did not catch the one line that was missing.",,,3,79,83,162,8,False,False,True,False,False,False,False,8024.0,4.0
anon113,0,2,1,True,8.23,0.7,12.0,123318,25200.0,Man,60-69,Italy,Professional,Advanced,Yes,4.0,4.0,2.0,4.0,2.0,4.0,2.0,4.0,2.0,15/11/2024 08:01:27,Yes,Yes,"ChatGPT, Mixtral",Sometimes,4.0,SonarQube,4.0,3.0,3.0,3.0,4.0,3.0,3.0,4.0,3.0,4.0,I used generative AI (mostly example code snippets) to get introduced to new Java technologies I am not accustomed to. But the code I actually entered in the solution was generated manually by me.,11/26/2024 18:20:51,"I usually have a lot on my plate and can’t dedicate more than 4 hours to a single task in a row. So, my contributions to this task were made intermittently. If I recall correctly, I dedicated a total of 7.5 hours to this task.",1,22,8,30,2,False,False,False,False,True,False,False,25200.0,3.2
anon122,0,2,1,True,8.16,0.7,2.0,86012,,Man,30-39,Hungary,Professional,Beginner,Yes,4.0,4.0,3.0,4.0,2.0,4.0,3.0,4.0,4.0,15/11/2024 07:29:24,Yes,Yes,Claude,Every statement,3.0,SonarQube,3.0,4.0,2.0,2.0,5.0,1.0,1.0,2.0,5.0,2.0,,11/28/2024 7:33:12,,2,58,48,106,3,False,False,True,False,False,True,False,,3.1
anon007,0,0,0,True,8.4,0.7,5.0,3014296,25200.0,Man,50-59,United States,Professional,Advanced,Yes,4.0,4.0,3.0,4.0,3.0,4.0,2.0,2.0,4.0,15/11/2024 06:03:58,No,Yes,"GitHub Copilot, Microsoft Copilot",Sometimes,2.0,,5.0,2.0,3.0,4.0,4.0,4.0,2.0,5.0,3.0,5.0,"I found the AI helped me get up to speed and productive reasonably quickly with an unfamiliar tech stack. I used AI much less for design/coding in this experiment, relative to what I would normally do in my ""day job"", partly because I found the design/coding part of the experiment to be relatively small/simple, compared to the onboarding effort.",1/5/2025 21:36:19,"I didn't track my active time, but I would estimate it was probably somewhere between 6 hours and 8 hours total. The large gap between sessions is partly due to the holidays and partly due to my not having additional time after the first session to work on it further before the original deadline only to find an email later that the deadline had been extended.",4,75,80,155,7,True,False,True,False,True,False,False,25200.0,3.1
anon118,2,0,1,True,8.35,0.71,6.0,7575,,Woman,30-39,Netherlands,Professional,Intermediate,Yes,4.0,4.0,4.0,5.0,5.0,3.0,3.0,2.0,2.0,14/11/2024 21:29:55,"Yes, but breaks",Yes,"ChatGPT, JetBrains AI Assistant",Sometimes,5.0,SonarQube,4.0,4.0,5.0,2.0,5.0,4.0,5.0,5.0,4.0,3.0,,11/21/2024 12:28:10,,6,68,55,123,5,False,False,True,False,False,False,False,7575.0,4.3
anon105,0,1,3,True,8.2,0.79,12.0,10524,,Man,30-39,Poland,Professional,Advanced,Yes,4.0,4.0,5.0,4.0,3.0,4.0,3.0,4.0,4.0,14/11/2024 21:22:12,Yes,Yes,GitHub Copilot,Often,4.0,,4.0,4.0,4.0,2.0,4.0,4.0,3.0,5.0,4.0,2.0,"I tried to always use the AI assistant, even for the issues that I would normally look up in the internet. It wasn't great, I took more time trying to give a precise question than I would just searching with Google.",12/3/2024 22:15:10,,11,355,460,815,22,True,False,True,False,False,False,False,10524.0,4.0
anon032,1,1,0,True,8.3,0.7,1.0,3789,,Man,30-39,France,Professional,Advanced,Yes,4.0,4.0,4.0,4.0,5.0,3.0,3.0,4.0,4.0,14/11/2024 20:13:39,Yes,Yes,GitHub Copilot,Often,4.0,,4.0,5.0,4.0,2.0,5.0,4.0,4.0,4.0,4.0,2.0,,11/18/2024 21:19:22,,1,165,73,238,8,False,False,True,False,True,False,False,3789.0,4.2
anon090,1,2,1,True,8.38,0.71,,6085,,Man,40-49,Netherlands,Professional,Advanced,Yes,4.0,4.0,4.0,5.0,5.0,3.0,3.0,3.0,4.0,14/11/2024 20:12:50,Yes,Yes,GitHub Copilot,Sometimes,4.0,,4.0,3.0,4.0,3.0,4.0,3.0,3.0,4.0,4.0,2.0,"I use AI for things I am not an expert in (SQL, python, mongo queries, unfamiliar libraries), not so much for things I am an expert in (spring, java, kotlin).",11/19/2024 10:31:55,,4,123,74,197,6,True,False,True,False,False,False,False,6085.0,3.6
anon006,3,0,0,True,8.18,0.71,5.0,262835,9000.0,Man,30-39,Canada,Professional,Beginner,Yes,4.0,4.0,4.0,3.0,4.0,2.0,2.0,3.0,3.0,14/11/2024 19:14:43,Yes,Yes,"GitHub Copilot, VS IntelliCode",Often,5.0,,4.0,5.0,5.0,1.0,5.0,4.0,5.0,5.0,5.0,2.0,,11/28/2024 18:21:46,"Well, I guess the inconsistency comes from the fact that I pulled the code way before I start coding. In fact, I didn't have time to start working on the code right away, so I postponed it to the weekend. However, I finished the code in one session. It's been a while since the time I worked on the code. To best of my knowledge, it took me about 2.5 (or maybe 3) hours to finish the task.",3,75,33,108,4,False,False,False,False,True,False,False,9000.0,4.7
anon147,2,0,1,True,8.44,0.69,3.0,5832,,Man,30-39,Spain,Professional,Advanced,Yes,4.0,4.0,4.0,4.0,5.0,2.0,3.0,2.0,3.0,14/11/2024 16:32:36,Yes,Yes,GitHub Copilot,Often,3.0,,5.0,4.0,3.0,1.0,4.0,4.0,4.0,4.0,4.0,1.0,"During this task, similar to real life, I use copilot as an auto complete. I don't ask it to solve my problem, I have enough experience to do that alone and usually it's more a waste of time than anything else if I ask open ended questions. Instead, as an auto complete, it works really well, I start to write the first few letters of a statement and copilot does the rest. However a human double check is always needed",11/25/2024 20:33:25,,4,457,174,631,11,True,False,True,False,False,False,False,5832.0,4.2
anon107,2,0,0,True,8.36,0.68,1.0,93398,7200.0,Man,40-49,United Kingdom,Professional,Advanced,Yes,4.0,4.0,4.0,5.0,4.0,4.0,2.0,4.0,4.0,14/11/2024 13:17:57,No,Yes,"GitHub Copilot, Cursor",Every statement,4.0,Docker,4.0,3.0,3.0,1.0,4.0,3.0,2.0,4.0,4.0,1.0,"While I used AI throughout, the AI that I used was not really able to understand the issues with the code. It seemed to struggle even when I pointed it directly at the issue. However, once I identified the problem it did a good job of helping to write the code and also acted as my code reviewer to help improve the code, in its view. I did not always take it's code review guidance though, since it sometimes wanted to make drastic changes outside the scope of the ticket",11/18/2024 18:39:24,"Between 2.0 - 2.5 hours, probably closer to 2.0. I had a brief read on the and added a few quick notes and helpers on the first day but then revisited the next day for a little under 2 hours.",5,510,98,608,14,False,False,True,False,True,True,False,7200.0,3.7
anon001,2,1,1,True,8.27,0.71,5.0,7396,5400.0,Man,40-49,France,Researcher,Intermediate,Yes,4.0,4.0,4.0,2.0,5.0,2.0,3.0,2.0,4.0,14/11/2024 11:21:23,"Yes, but breaks",Yes,GitHub Copilot,Sometimes,1.0,,4.0,2.0,4.0,2.0,3.0,3.0,2.0,4.0,2.0,5.0,"I spent too much time looking for information about SpringBoot, the process of serialisation and deserialisation. I do not use Spring but I was aware there was mappers, so I first suspected a problem with a bad mapper. I had no tools to inspect the database which was a big problem for me as I wanted to ensure that data where really well stored, I guess I would have completed the task shorter if I had the possibility to see that information was missing directly in the database. I used Copilot to explain me some part of code, unfortunatly it missguided me to the wrong problem (mappers agin, probably because I oriented my questions). I finally succeeded in setting a a debug mode, where, with some breakpoints, I was able to inspect the data, which leads me to the right place where the problem occurs. Codding the time filter was quite easy, although I probably should have add comments into the code.",12/9/2024 15:29:27,"I think it was something like 1.5h, with some interruptions (mails, children, ...). The context switches were not that much problematic as far as I remember, as my main problem was my lack of knowledge about Spring project structure.",1,18,10,28,3,False,False,False,False,True,False,False,5400.0,2.9
anon070,1,2,1,True,8.37,0.68,8.0,9145,5400.0,Man,50-59,Italy,Professional,Advanced,Yes,4.0,3.0,4.0,4.0,5.0,3.0,3.0,3.0,4.0,14/11/2024 09:50:47,"Yes, but breaks",Yes,"GitHub Copilot, Claude",Sometimes,4.0,,4.0,3.0,2.0,4.0,3.0,2.0,2.0,2.0,2.0,3.0,"most of the time AI gets in the way, in the wrong way :)",11/22/2024 15:56:12,"I completed the task in a single session but, despite my best efforts, I was interrupted 3/4 times by my colleagues. Probably the net time spent developing was 1.5 hours counting the switching overhead.",7,314,220,534,13,False,False,True,False,True,False,False,5400.0,2.5
anon011,1,0,0,True,8.32,0.7,14.0,37464,19800.0,Man,50-59,Poland,Hobbyist,Intermediate,Yes,4.0,4.0,4.0,5.0,5.0,3.0,2.0,3.0,3.0,14/11/2024 09:31:59,No,Yes,"JetBrains AI Assistant, GitHub Copilot, ChatGPT",Often,4.0,,4.0,2.0,3.0,4.0,2.0,4.0,2.0,5.0,3.0,4.0,I am back to coding after a significant break. I last wrote production-grade code 13 years ago.,12/2/2024 16:21:04,"That was over two months ago, so my estimate will be rough :) That was definitely more than 4 hours. I would call it 5 or even 6.",1,76,54,130,8,True,False,True,False,False,False,False,19800.0,2.9
anon057,0,0,0,True,7.97,0.67,18.0,56749,5400.0,Woman,40-49,New Zealand,Professional,Advanced,Yes,4.0,5.0,5.0,5.0,5.0,4.0,2.0,4.0,4.0,14/11/2024 09:13:30,Yes,Yes,Windsurf,Every statement,5.0,,5.0,5.0,4.0,4.0,4.0,4.0,4.0,4.0,3.0,1.0,"I didn’t write any of the code myself. I instructed Windsurf’s Flow tool and it made all the changes itself - even when I’d spot a mistake, I would tell it to fix it. It ran the tests for me as well. 

I’m doing a similar study on the impact of AI coding assistants on software engineering as part of my (part-time) Master’s of Engineering so am keen to stay in touch!",1/3/2025 6:54:06,,1,116,96,212,4,False,False,True,False,False,True,False,5400.0,4.0
anon054,0,0,3,True,9.12,0.98,54.0,17151,,Man,40-49,Austria,Professional,Advanced,Yes,5.0,4.0,4.0,4.0,3.0,4.0,2.0,4.0,4.0,14/11/2024 08:25:22,Yes,Yes,"ChatGPT, Cline, Cursor",Every statement,4.0,,5.0,5.0,3.0,2.0,5.0,4.0,4.0,4.0,5.0,1.0,"My approach was to learn how well it works letting the AI do most of the work on its own and me being the mentor like with a new colleague at work steering where necessary. Regarding ""How frequently did you inter- act with the AI assistant?"" -> 'cline' did most of the work autonomously based on the existing code and description.",11/22/2024 17:36:38,,2,3094,138,3232,42,True,True,True,False,False,False,False,17151.0,4.4
anon110,1,0,2,True,8.49,0.7,5.0,62727,18000.0,Man,30-39,Germany,Hobbyist,Advanced,Yes,5.0,5.0,5.0,4.0,5.0,5.0,2.0,4.0,5.0,14/11/2024 06:25:23,No,Yes,GitHub Copilot,Every statement,3.0,,5.0,5.0,5.0,4.0,5.0,4.0,4.0,5.0,5.0,2.0,"I am an experienced software developer with other tech stacks, I have no professional experience with Java. This task would have been very difficult and time consuming if not impossible for me without GitHub Copilot. It gave critical clues about where to start my debugging. I also would have completed a minimalistic (possibly defective) feature implementation in the same amount of time without it. With GitHub Copilot, I could improve the codebase with additional unit tests with ease.",11/26/2024 13:08:37,"I truly appreciate the opportunity to contribute to this fascinating research. AI is, without a doubt, the most exciting technological boom I have ever witnessed. Regarding the coding task, I completed it in two sessions—our baby made sure an uninterrupted session wasn’t an option! I had never coded in Java before, and I’m convinced that without AI, completing the task would have been impossible for me. After a few AI-assisted dead ends, I was able to wrap my mind around the problem, which allowed me to solve it and finalize my contribution in the second session. Unfortunately, I no longer have access to the repository or my local copy, so I can’t verify precise timestamps. However, there should be a significant gap in the commit log reflecting the two separate sessions. My best estimate for the total completion time is around 5.0 hours. If needed, I’d be happy to verify this for you if you can provide the commit log with timestamps. I’d like to repeat my emphasis that, personally, I would not have been able to complete the task without AI. If this defect had occurred in a work setting without AI assistance, it could have led to missed release deadlines or other commitments, potentially resulting in business value loss. The biggest advantage of AI in my coding projects is that it helps me get ""unstuck"" much faster and maintain a steady coding flow. It has also enabled me to explore new technologies productively, even those I have little to no prior experience with. At work, this translates to, for example, more proof-of-concept exploration to find better tooling or technical solutions for our projects.",8,134,63,197,8,True,False,True,False,False,False,False,18000.0,4.4
anon133,2,1,0,True,8.43,0.7,2.0,9910,,Man,40-49,United States,Professional,Intermediate,Yes,4.0,4.0,4.0,5.0,5.0,3.0,2.0,3.0,3.0,14/11/2024 03:50:14,Yes,Yes,"GitHub Copilot, Grok",Every statement,4.0,,5.0,4.0,4.0,1.0,5.0,4.0,4.0,4.0,5.0,5.0,"I have not used Java as a full-time professional language since 2011, so I did spend more time than I'm sure I otherwise would've if I were familiar with the modern version of Java and Spring. Not to mention the IDE capabilities. Still, since common patterns were used, once I understood how they were expressed in the app it was easy to proceed.

One thing where Copilot really accelerated my work was that once I understood the structure of the system I could make reference to constructs from languages and frameworks that I use on a daily basis and have it translate them into the Java and Spring paradigm.

I saw the need to extract the templates into common partials, but I did not do that, even with the assistance of Copilot, because I wanted to complete in under 3 hours and get to bed. With more dedicated time, I may have looked for more refactoring improvements too.",11/21/2024 14:42:00,,6,90,31,121,8,True,False,True,False,False,False,False,9910.0,4.1
anon099,2,0,0,True,8.24,0.71,4.0,116712,12600.0,Man,30-39,United States,Professional,Intermediate,Yes,4.0,4.0,4.0,4.0,4.0,3.0,2.0,4.0,4.0,14/11/2024 02:58:58,No,Yes,JetBrains AI Assistant,Often,4.0,,4.0,4.0,4.0,3.0,3.0,4.0,4.0,4.0,4.0,5.0,"I spent the first day trying to build the project, the second day completing the task. Maybe this counts as two sittings. The second day took 2-3 hours.",11/18/2024 21:16:13,"It's been a long time but I remember the first day I spent about an hour setting up my environment including installing IDE and AI assistant and reaching the point that I can run the tests. The second day I spent about 2 hours doing the task. So I would say a total of 3 hours. If I said something different in the questionnaire, consider it the source of truth because my memory may fail me.",1,30,15,45,5,False,False,False,False,True,True,False,12600.0,3.5
anon064,2,1,1,True,8.39,0.69,1.0,719926,36000.0,Man,50-59,Philippines,Professional,Intermediate,Yes,5.0,5.0,4.0,5.0,4.0,4.0,2.0,4.0,4.0,14/11/2024 02:22:56,No,Yes,"GitHub Copilot, ChatGPT, JetBrains AI Assistant, Gemini",Every statement,2.0,,5.0,4.0,5.0,2.0,4.0,4.0,4.0,5.0,4.0,5.0,All the AI did poorly in identifying the issue with populating the database with the right values. They were focused on syntax rather than program flow.,11/25/2024 23:14:24,"All in all, I think I believe I spent around 10 hours spread over several sessions. - I first spent around 2 hours on Nov 16 setting up my environment and doing a first pass on the code. - I spent around 2 hours aggregate in chunks of up to 45 minutes in the intervening days testing various strategies. - I spent around 4.5 hours on Nov 22 to fully delve into the code, solving part 2 first before figuring out the error in part 1. - Finally, I spent 1.5 hours on Nov 23 to wrap up and test the code for part 1, followed by final submission. 

Additional notes -- - It's been years since I coded in Java and I had never worked with Spring before. I mostly work with Python. - I got stuck for a long time on Part 1 since I assumed it was some problem with the JPA. The AI wasn't very helpful until I saw what the actual problem was. - I made faster headway on Part 2 and the AI was more helpful. Hence, my first submission after I got a successful test on it. - My main AI was GitHub Copilot (75%), attached to my IntelliJ environment. I also used Gemini (10%) and ChatGPT (15%). - It was my first time working with a proper automated test environment, so that was also a pleasant surprise for me.",2,80,43,123,4,False,False,True,False,True,False,False,36000.0,4.0
anon087,1,0,3,True,8.38,0.7,1.0,6678,,Man,20-29,Australia,Professional,Intermediate,Yes,5.0,5.0,5.0,5.0,5.0,5.0,2.0,2.0,4.0,14/11/2024 02:09:19,Yes,Yes,"GitHub Copilot, ChatGPT",Sometimes,4.0,,4.0,4.0,4.0,2.0,4.0,3.0,4.0,3.0,4.0,2.0,,11/21/2024 11:42:32,,3,178,163,341,6,False,False,True,False,True,False,True,6678.0,3.8
anon073,1,1,1,True,8.38,0.67,19.0,537311,16200.0,Man,50-59,Australia,Professional,Advanced,Yes,5.0,3.0,5.0,4.0,4.0,4.0,2.0,3.0,3.0,14/11/2024 01:23:47,No,Yes,Cursor,Every statement,4.0,,4.0,4.0,5.0,3.0,5.0,4.0,3.0,5.0,5.0,2.0,"I haven't programmed in Java in 15 years, and never touched Spring boot. It would have taken me a lot longer without the help of an AI. The interaction with the AI felt like pair programming with someone with a vast experience but lazy who sometimes gives hacky answers. I had to constantly remind the AI to use the most recent and best practice information to get better code. I do have 30 years experience in development and multiple frameworks. I felt that that experience was important with identifying subpar code or dead leads that the AI suggested. Just pointing out those to the AI was enough for it to come up with better code. I hardly had to tamper with the code manually.",12/2/2024 21:06:27,"I just redid the work from scratch today using the same tools I used back last year. It took me 2.5 hours. The code passes the tests. It's similar to what I did the last time that I worked on it.I relied on the same AI assistant (Cursor + Claude Sonnet 3.5) to do all editing and fixing.You can probably add 2 extra hours for looking into what the codebase did the first time I looked at it. I now spend less time inspecting code than I did in November. The models have become better and I have more experience with what models and tools are good at and where they may make errors.  Just a note on this. Your research reflects a snapshot in time but I am seeing improvements on an almost daily basis in the dev tools, the models and the collective knowledge on how best to use them.",22,2635,257,2892,14,False,False,True,False,False,True,False,16200.0,4.2
anon128,0,0,2,True,8.16,0.69,6.0,703732,5400.0,Man,40-49,Portugal,Professional,Advanced,Yes,5.0,4.0,4.0,4.0,4.0,2.0,4.0,3.0,2.0,14/11/2024 00:38:14,No,Yes,"ChatGPT, GitHub Copilot",Every statement,2.0,,2.0,3.0,2.0,4.0,4.0,3.0,2.0,3.0,3.0,4.0,The AI failed many times to provide a valid answer to the coding problem. It was very dependent on the way I stated my prompt.,12/3/2024 16:27:48,If I recall correctly it took me around 1.5 hours on both sessions to complete and submit the task.,2,73,33,106,4,False,False,True,False,True,True,False,5400.0,2.6
anon026,0,4,0,True,8.41,0.65,6.0,1217723,23400.0,Man,30-39,Germany,Professional,Advanced,Yes,4.0,4.0,4.0,4.0,5.0,3.0,3.0,3.0,3.0,13/11/2024 22:25:24,"Yes, but breaks",Yes,JetBrains AI Assistant,Often,2.0,,1.0,2.0,4.0,3.0,2.0,2.0,2.0,3.0,4.0,5.0,lack of experience in Java and Spring Boot made myself mostly ask AI Assistant questions about both and focus less on best practices,12/2/2024 15:55:11,"I think 6 hours is a realistic estimate for the actual work on the task. 6.5 hours, including setting up the project and ide. It took me quite a while to get started, because my Spring Boot experience is very limited. But I also took a longer break in the
middle of the session. The actual work on the task took place exclusively on the 01.12.

On the 17.11., I only checked out the repository and ensured, that I can build the project and execute all tests, which also took me about
30 minutes, because of having to set up Java JDK and a proper Java IDE on my system.",11,409,233,642,18,False,False,True,True,True,True,False,23400.0,2.4
anon085,0,3,0,True,8.36,0.7,3.0,5411,,Man,30-39,Spain,Professional,Advanced,Yes,5.0,5.0,5.0,5.0,4.0,4.0,3.0,3.0,3.0,13/11/2024 20:53:05,"Yes, but breaks",Yes,ChatGPT,Sometimes,4.0,,5.0,3.0,4.0,2.0,3.0,2.0,3.0,4.0,4.0,1.0,"I spent more time dealing with the bug than working on the new feature. The phrase ""We do not expect that you will need to modify this API."" initially confused me a little, leading me to believe that the repository's code implemented the API and that I could access the endpoints on localhost. Including the URL in the documentation would have been helpful.
I fix it without using AI because the fix was very easy.",11/25/2024 22:46:01,,5,61,38,99,6,False,False,True,False,True,False,True,5411.0,3.7
anon066,1,1,0,True,8.21,0.73,2.0,9241,,Man,40-49,United Kingdom,Researcher,Advanced,Yes,4.0,4.0,3.0,5.0,5.0,2.0,2.0,4.0,3.0,13/11/2024 20:09:29,Yes,Yes,"ChatGPT, Supermaven",Sometimes,1.0,,4.0,3.0,4.0,4.0,5.0,5.0,2.0,3.0,5.0,4.0,"It was a stack that I've never used before, so I relied upon chat to get oriented. 

The task itself was not complex. I prefer algorithmic or datastructure challenges.",11/22/2024 16:46:41,,3,282,128,410,4,False,True,True,False,True,False,False,9241.0,3.5
anon121,0,3,0,True,8.28,0.7,5.0,107711,12600.0,Man,50-59,United States,Professional,Intermediate,Yes,4.0,4.0,4.0,2.0,4.0,1.0,3.0,2.0,4.0,13/11/2024 19:59:42,"Yes, but breaks",Yes,Claude,Sometimes,5.0,,5.0,4.0,4.0,4.0,4.0,5.0,4.0,5.0,5.0,3.0,"I was completely unfamiliar with Spring Boot. I've programmed in Java before, but for Android. My web api experience is with Node.js. Therefore I was lost from the start and most of my AI work was research into Spring Boot, getting a sense of the philosophy, patterns, and - importantly - telemetry and logging. Once I was able to log information out to the console, I moved quickly to identify the issues and fix the code. So my AI usage was mostly to get a handle on the framework and project, and a little syntax - I didn't rely on it as much to design the solution.",11/28/2024 23:25:54,,3,54,32,86,3,False,False,True,False,True,False,False,12600.0,4.1
anon148,1,2,0,True,8.31,0.68,3.0,10750,,Man,50-59,Israel,Professional,Intermediate,Yes,4.0,5.0,5.0,4.0,5.0,3.0,2.0,5.0,5.0,13/11/2024 19:43:01,No,Yes,Cursor,Every statement,4.0,,5.0,5.0,5.0,2.0,5.0,3.0,4.0,5.0,5.0,1.0,"The AI did most of the work, really. I just had to approve it's changes and ask to solve error messages if encountered. It even provided some nice enhancement ideas when asked. I honestly felt more like a product manager than a programmer.",11/29/2024 16:23:35,,2,92,40,132,5,False,False,True,False,True,False,False,10750.0,4.6
anon103,0,2,1,True,8.42,0.7,2.0,5067,,Man,30-39,India,Professional,Intermediate,Yes,4.0,5.0,5.0,5.0,5.0,5.0,2.0,4.0,4.0,14/10/2024 05:25:03,Yes,Yes,GitHub Copilot,Every statement,4.0,,5.0,4.0,4.0,1.0,5.0,5.0,5.0,5.0,5.0,1.0,Using copilot made the task easy. I used it to find correct syntax and refactor code to better readability.,10/24/2024 12:52:39,,1,129,96,225,4,False,False,True,False,False,False,False,5067.0,4.8
anon078,1,2,0,True,8.23,0.71,4.0,6889,,Man,40-49,United Kingdom,Professional,Advanced,Yes,5.0,5.0,5.0,5.0,5.0,5.0,1.0,5.0,5.0,11/10/2024 17:55:49,Yes,Yes,Cursor,Every statement,5.0,,5.0,5.0,5.0,1.0,5.0,5.0,5.0,5.0,5.0,1.0,make it more practical for modern day development by using dev containers and containers,12/7/2024 23:28:41,,1,83,10,93,3,False,True,False,False,True,False,False,6889.0,5.0
anon076,2,1,0,True,8.4,0.7,26.0,61340,14400.0,Man,50-59,United Kingdom,Professional,Intermediate,Yes,5.0,5.0,5.0,5.0,5.0,5.0,1.0,5.0,5.0,11/10/2024 13:55:21,No,Yes,Cursor,Every statement,4.0,,5.0,5.0,5.0,2.0,5.0,5.0,5.0,5.0,5.0,3.0,"I'm not a Java developer by trade, but thanks to cursor I felt fluent since I knew how to solve the problem from principles point of view and I havent to deal with Java",11/29/2024 11:08:01,,15,863,305,1168,13,False,False,True,False,True,True,False,14400.0,4.7
anon045,2,0,1,False,8.31,0.69,,10522,,Man,20-29,Switzerland,Professional,Intermediate,No,,,,,,,,,,27/11/2024 12:04:29,Yes,No,,,3.0,,5.0,4.0,4.0,1.0,4.0,4.0,3.0,4.0,3.0,3.0,,12/2/2024 18:49:30,,4,184,122,306,10,True,False,True,False,True,False,False,10522.0,3.9
anon021,0,3,3,False,8.18,0.7,8.0,18975,14400.0,Man,30-39,Thailand,Professional,Advanced,Yes,3.0,4.0,5.0,5.0,2.0,5.0,1.0,4.0,3.0,15/11/2024 06:39:26,"Yes, but breaks",No,,,2.0,,4.0,3.0,5.0,4.0,2.0,3.0,2.0,4.0,3.0,4.0,"It looked like I had no ability to fix the front end display, I wasted time trying to fix the visual part as these kinds of bugs are hard to justify.",12/3/2024 2:11:27,"I would estimate 4 hours. I am not that familiar with Java and I remember I was hungover. I wasted a lot of time trying to fix the display on Front End (visual part of the software felt like it should be fixed first). I think on just the software instructions as they were intended, it was more like two hours. Perhaps these are issues that the AI does not have to deal with.",6,70,35,105,3,False,False,False,False,False,False,False,14400.0,3.0
anon072,1,1,1,False,8.45,0.7,9.0,14281,,Man,50-59,Italy,Professional,Advanced,Yes,3.0,4.0,3.0,4.0,4.0,2.0,3.0,3.0,3.0,14/11/2024 20:55:41,Yes,No,,,4.0,,4.0,4.0,4.0,1.0,3.0,4.0,3.0,5.0,3.0,1.0,I gave myself a time limit (4 hours) and I did my best to refactor the search controller/service in order to make it more modular/easy to change,12/2/2024 16:12:02,,1,642,82,724,15,True,False,True,False,True,False,False,14281.0,4.0
anon060,2,1,0,False,8.29,0.66,,15024,,Man,30-39,Germany,Professional,Intermediate,No,,,,,,,,,,14/11/2024 19:06:43,No,No,,,4.0,,4.0,4.0,5.0,1.0,4.0,4.0,3.0,5.0,4.0,2.0,,12/4/2024 10:39:42,,3,166,197,363,9,False,False,True,False,False,False,False,15024.0,4.2
anon043,0,0,0,False,8.19,0.7,2.0,81832,18000.0,Man,30-39,United States,Professional,Intermediate,No,,,,,,,,,,14/11/2024 17:25:10,No,No,,,4.0,,4.0,4.0,4.0,5.0,1.0,4.0,4.0,4.0,3.0,5.0,,1/10/2025 16:41:27,"I tried to complete the task in one sitting, but after getting stuck for a couple hours without making progress, I checked in my changes and intended to give up completely. But the tool didn't let me submit the task without completing it. So the next day I decided I'd give it another shot, and I guess I brought a fresh mindset and was able to get myself unstuck very quickly. As for the time estimate, I think I spent just over four hours the first day, and maybe half an hour or so the next day. That makes a total of roughly five hours.",2,23,16,39,4,False,False,False,False,True,True,False,18000.0,3.0
anon083,0,0,0,False,8.46,0.74,4.0,1127031,,Man,30-39,Australia,Professional,Advanced,Yes,4.0,3.0,4.0,2.0,4.0,2.0,4.0,1.0,3.0,23/11/2024 22:14:17,Yes,No,,,4.0,,4.0,4.0,4.0,3.0,4.0,4.0,5.0,5.0,5.0,2.0,Thanks was fun,1/20/2025 20:47:11,,1,247,65,312,7,True,False,True,False,False,False,False,,4.2
anon029,1,2,3,False,8.3,0.69,8.0,11394,,Man,20-29,Australia,Professional,Advanced,Yes,2.0,4.0,4.0,5.0,5.0,4.0,3.0,2.0,2.0,22/11/2024 10:24:48,Yes,No,,,4.0,,3.0,4.0,4.0,3.0,4.0,4.0,4.0,3.0,4.0,4.0,,12/16/2024 13:01:47,,5,156,63,219,8,True,False,True,False,False,True,False,11394.0,3.5
anon075,1,1,1,False,8.24,0.7,6.0,963933,,Man,50-59,Canada,Professional,Advanced,Yes,3.0,3.0,5.0,1.0,4.0,2.0,3.0,1.0,2.0,22/11/2024 01:15:02,Yes,No,,,5.0,,5.0,5.0,4.0,1.0,3.0,3.0,4.0,5.0,3.0,1.0,I hope I did it correctly!,12/9/2024 18:09:35,,1,282,151,433,15,True,False,True,False,True,False,False,,4.2
anon058,1,2,1,False,8.58,0.73,18.0,963933,14400.0,Man,40-49,Ireland,Professional,Advanced,No,,,,,,,,,,16/11/2024 10:52:13,No,No,,,5.0,GitHub Codespaces,4.0,4.0,5.0,3.0,4.0,5.0,4.0,4.0,4.0,2.0,"It was frustrating for me, that I wasn't able to clone the repository to my local environment where I had the tools that I was familiar with. Therefore I couldn't progress as fluently as I usually do.",12/9/2024 14:26:38,"It took me 2 sessions to complete the task. The first time 1 spent 2 hours, but the majority of this was setting up my environment. I felt that this should be fast and easy, but for some reason I couldn't clone the repository to my local, so I ended up using the GitHub online development environment, which I felt clumsy. Probably, because I didn't have experience with that.
Anyway, I could get back to the task only 2 weeks later, when I spent 2 more hours wrapping up the remaining part of the project. 
I found the task itself interesting, though quite easy, but I realized how much I rely on the tools provided by the IDE I'm using (Eclipse STS) and how much harder to progress when I need to use a different IDE. I think, I could have finished the task in a single 2 hour session considering the complexity and the necessary steps to perform.",10,357,40,397,9,True,False,True,False,False,False,False,14400.0,4.1
anon117,1,2,1,False,8.34,0.69,10.0,1207995,,Man,40-49,Sweden,Professional,Advanced,Yes,2.0,3.0,3.0,4.0,4.0,3.0,2.0,3.0,3.0,16/11/2024 09:20:38,Yes,No,,,3.0,SonarQube,4.0,4.0,4.0,3.0,4.0,3.0,3.0,4.0,4.0,4.0,,12/12/2024 5:02:28,,5,456,316,772,13,True,False,True,False,False,False,False,,3.5
anon034,0,2,2,False,8.57,0.72,4.0,10013,9000.0,Man,30-39,Switzerland,Professional,Intermediate,No,,,,,,,,,,15/11/2024 19:27:46,"Yes, but breaks",No,,,4.0,,5.0,4.0,4.0,1.0,5.0,4.0,4.0,5.0,5.0,1.0,My 5 months old baby interrupted my flow a few times :),11/25/2024 20:26:07,2.5 hours should be a good estimate. I've took one or two smalls breaks to check on my baby girl and a small vape break.,2,491,60,551,20,True,True,True,False,False,False,False,9000.0,4.6
anon134,0,1,3,False,8.2,0.69,4.0,12723,,Man,30-39,Australia,Professional,Advanced,No,,,,,,,,,,16/11/2024 02:13:04,Yes,No,,,5.0,Firefox debug window,4.0,5.0,5.0,2.0,5.0,5.0,4.0,5.0,5.0,2.0,"It was interesting to consider how to approach the ambiguous requirements (e.g. 'show all recipes if time > 500' - do i take it literally, or just ignore this because no recipe actually takes that long?); and i had to decide whether to refactor the DTOs to match the apparent design of the backend API or not (i chose to do the refactoring).",11/22/2024 12:43:31,,1,166,90,256,10,True,True,True,False,False,False,False,12723.0,4.6
anon036,2,1,1,True,8.17,0.7,15.0,386746,,Man,40-49,Ukraine,Professional,Beginner,Yes,3.0,4.0,4.0,3.0,4.0,3.0,2.0,3.0,4.0,15/11/2024 18:38:38,No,Yes,ChatGPT,Sometimes,2.0,,4.0,4.0,4.0,1.0,5.0,3.0,4.0,4.0,3.0,4.0,"I felt a bit concerned when using AI for that task but Java is not my primary language (currently, I program in Go, but I have 10+ years of experience in C#). Despite that, I learned a lot. I would like to participate in similar activities in the future.",1/29/2025 19:58:29,,3,413,161,574,9,True,False,True,False,False,False,False,,3.8
anon062,0,4,0,False,8.26,0.71,2.0,176659,10800.0,Man,60-69,Ireland {Republic},Professional,Advanced,Yes,2.0,3.0,3.0,2.0,4.0,2.0,4.0,3.0,2.0,15/11/2024 10:45:53,"Yes, but with short breaks",No,,,5.0,,5.0,5.0,3.0,1.0,4.0,4.0,4.0,4.0,3.0,2.0,,3/14/2025 12:31:48,,2,65,33,98,3,False,False,True,False,True,True,False,10800.0,4.1
anon018,2,1,0,False,8.63,0.74,,84513,,Man,30-39,United States,Professional,Advanced,Yes,2.0,3.0,3.0,1.0,3.0,4.0,1.0,2.0,1.0,14/11/2024 15:37:47,,,,,,,,,,,,,,,,,,,,38,449,119,568,12,True,False,True,False,True,False,False,,
anon074,1,4,0,False,8.18,0.71,,513882,7200.0,Man,50-59,United States,Professional,Advanced,Yes,3.0,3.0,3.0,3.0,3.0,2.0,3.0,2.0,2.0,14/11/2024 14:18:04,Yes,No,,,3.0,,3.0,4.0,3.0,3.0,4.0,3.0,4.0,4.0,4.0,2.0,It was interesting,1/29/2025 13:15:01,,1,33,15,48,5,False,False,False,False,False,False,False,7200.0,3.6
anon150,1,1,1,False,8.24,0.72,1.0,11895,,Man,30-39,India,Professional,Advanced,Yes,2.0,3.0,4.0,5.0,4.0,2.0,4.0,3.0,3.0,14/11/2024 13:12:00,Yes,No,,,4.0,,4.0,4.0,2.0,4.0,2.0,2.0,2.0,4.0,4.0,4.0,"Even though I made the acceptance tests pass, I didn't do a few other things like refactoring the code for filtering recipes. I would definitely have done it for my regular work.",12/2/2024 17:30:22,,2,44,4,48,4,False,False,False,False,True,False,False,11895.0,2.8
anon012,0,2,1,False,8.42,0.73,3.0,30732,12600.0,Man,30-39,Canada,Professional,Advanced,Yes,2.0,4.0,4.0,5.0,2.0,1.0,5.0,1.0,3.0,14/11/2024 12:40:22,"Yes, but breaks",No,,,5.0,,5.0,2.0,5.0,4.0,2.0,4.0,5.0,5.0,5.0,4.0,"I am not as familiar with JPA and Java to be effectively solving the coding challenge. In .NET I would have been able to finish the task in the suggested 2-4h. Most of my time was spent on discovering the framework for testing, spring annotations, Java standards/practices. (If you check the commit times there is a bigger gap in between. I was reading one article / stack overflow page after another) As for the actual code change that was needed to make the application functional (with the defects) was probably less than 10m of work [w/o testing], after spending ~30m getting familiar with the repo. The rest was just to write the code in a way that's maintainable. It's a very well sized coding exercise.",11/21/2024 18:34:05,"Thanks for involving me in the research. I found it extremely interesting and am curious about the findings. I believe I provided feedback on the total time spent on the follow-up questionnaire. I wrote something along the lines of, ""The timeframe is probably reasonable, except I had to dust off some of my JEE knowledge, so I did some reading as well."" If you read contradictions between what I am about to say now and what I said there, then past me is correct. Having said that, I'd say I spent about 3.5 hours total on the task. (Half of it was reading documents and SO; reacquainting myself with JEE, the other half was making the changes.) I wanted to do it in one sitting, but I also have a toddler and a newborn in the house, so interruptions were unavoidable.",10,602,286,888,21,True,True,True,False,True,False,False,12600.0,3.7
anon125,1,1,2,False,8.0,0.69,11.0,237249,,Man,50-59,Denmark,Professional,Intermediate,No,,,,,,,,,,14/11/2024 09:20:12,No,No,,,5.0,,4.0,4.0,5.0,2.0,4.0,4.0,4.0,4.0,4.0,3.0,,11/18/2024 19:47:28,,1,68,43,111,4,False,False,True,False,False,True,False,,4.0
anon008,1,2,0,False,8.17,0.73,1.0,7459,,Man,30-39,Poland,Professional,Intermediate,Yes,2.0,2.0,3.0,4.0,4.0,1.0,4.0,3.0,2.0,14/11/2024 08:21:36,Yes,No,,,3.0,,5.0,4.0,5.0,2.0,4.0,4.0,5.0,5.0,5.0,4.0,"I had no prior knowledge of Spring framework, and limited Java knowledge. However I work daily on web applications, overall it was similar problem.",11/25/2024 11:47:29,,6,180,38,218,8,False,False,False,False,True,True,False,7459.0,4.3
anon028,0,2,1,False,8.21,0.71,1.0,12112,,Man,60-69,Singapore,Professional,Advanced,Yes,4.0,4.0,4.0,3.0,5.0,2.0,4.0,2.0,3.0,14/11/2024 07:13:06,Yes,No,,,3.0,,5.0,3.0,4.0,3.0,2.0,4.0,3.0,5.0,3.0,4.0,A debrief once the study concludes,12/3/2024 10:35:07,,3,183,55,238,12,False,False,True,False,False,False,False,12112.0,3.4
anon015,4,0,1,False,8.24,0.71,1.0,188651,12600.0,Man,20-29,United States,Professional,Advanced,Yes,4.0,3.0,4.0,5.0,2.0,,2.0,3.0,3.0,14/11/2024 02:11:40,No,No,,,3.0,,4.0,3.0,4.0,3.0,4.0,5.0,2.0,3.0,5.0,5.0,"I spent a large chunk of the time figuring out why the data wasn't populating, which is a realistic issue. However, the method used to seed the database, and for there to be a bug in that, felt unrealistic. So I had spent a lot of time trying to debug this, to find out that the seeding was an issue. While seeding is common practice, having some API endpoint to populate seed data seemed to be a strange example. If it was more of an error where creating new recipes had a bug, that would've made more sense. Also, it took a while to find a db tool to actually help me figure out that the problem wasn't from the api -> client, but from the api -> db. Anyways, once figuring that out I was able to solve the rest of the task within like 15 minutes.",2/14/2025 10:50:11,"I spent about 3 and a half hours total on this, between two sessions.
First session was getting familiar with the environment, and eventually running into the bug designed for the project. The bug was unclear, so I reached out for some guidance there. I did eventually discover the issue on my own though. 
Next session took about an hour confirming, and fixing the bug, and it only took about 30 minutes to do the rest of the work. (new features)",2,76,47,123,6,False,False,True,False,True,False,False,12600.0,3.4
anon031,0,2,2,False,8.46,0.71,6.0,17654,,Man,20-29,Austria,Professional,Intermediate,No,,,,,,,,,,14/11/2024 00:13:49,Yes,No,,,4.0,,4.0,5.0,4.0,2.0,4.0,5.0,3.0,4.0,3.0,1.0,Importing Data from the Backend-API into the local database was extremly confusing. Partly because the README did not state that the Backend-API was externally hosted and not Part of the Excercise Code. Partly because Java's @Autowire-Annotation being unfamiliar for Programmers from other languages,11/26/2024 0:58:21,,2,144,51,195,6,False,False,True,False,False,True,False,17654.0,4.1
anon111,1,1,1,False,8.51,0.7,1.0,13141,,Man,30-39,United Kingdom,Professional,Advanced,No,,,,,,,,,,13/11/2024 22:58:08,Yes,No,,,4.0,,5.0,4.0,4.0,2.0,4.0,4.0,5.0,5.0,4.0,4.0,I spent most of an hour setting up my dev environment at the start because I didn't have the right JDK enabled in the terminal and I hadn't set it up in the OS I used before. I also didn't have my IDE configured the way I like so I spent some time on that. If I'd been more prepared I'd have got into coding earlier. I also shied away from getting rid of mocks in the ways I normally would. In a real project I'd prioritise the test setup a bit more.,11/19/2024 17:26:48,,29,477,296,773,25,True,False,True,False,False,False,False,13141.0,4.1
anon081,0,0,0,False,8.25,0.71,5.0,4419149,52200.0,Man,30-39,Switzerland,Professional,Advanced,No,,,,,,,,,,13/11/2024 22:15:21,No,No,,,4.0,,3.0,2.0,3.0,3.0,1.0,4.0,2.0,4.0,1.0,5.0,"Not fluent with java, so a lot of reading up of the basics was required",,"It's a bit hard to estimate the exact time, since a lot of time was spent on just reading up. I had not used java before, so I thought that was a good opportunity to get to know the language. I think I spend like ~10-15 h just reading up on java, watching some tutorial (which was spread over a few weeks whenever I found time). And maybe 2-4 h on the codebase itself. But of course, the two tasks were mixed, since I went back and forth between the codebase and tutorials, to understand what understanding of concepts/features I was still missing. I guess, that's a big part of the programming workflow, when developing with a new tech-stack.",3,96,74,170,4,False,False,False,False,True,False,False,52200.0,2.4
anon061,1,2,0,False,8.5,0.72,3.0,467792,18000.0,Man,20-29,Poland,Professional,Advanced,No,,,,,,,,,,13/11/2024 22:06:34,No,No,,,5.0,Chrome,5.0,5.0,5.0,2.0,4.0,5.0,4.0,4.0,4.0,4.0,I would be interested in reading the final results.,12/2/2024 17:03:58,"I believe I spend somewhere between 2-4 hours, then break 2-4 hours, and then 1-3 hours again.",12,409,263,672,23,True,False,True,False,False,True,False,18000.0,4.2
anon063,1,3,1,False,8.12,0.72,3.0,179479,3600.0,Woman,40-49,Germany,Professional,Advanced,Yes,3.0,4.0,4.0,5.0,5.0,5.0,2.0,4.0,5.0,13/11/2024 21:43:11,Yes,No,,,4.0,,5.0,5.0,5.0,2.0,4.0,4.0,5.0,5.0,3.0,2.0,Not relying on LLMs as I usually do these days made me reconsider their value. Honestly I'm not sure if they actually have that much value as I initially expected.,11/26/2024 17:49:19,,5,79,54,133,6,True,False,True,False,False,False,False,3600.0,4.4
anon114,1,4,0,False,8.51,0.71,16.0,242978,27000.0,Undisclosed,30-39,Netherlands,Professional,Advanced,Yes,2.0,3.0,3.0,4.0,3.0,1.0,4.0,3.0,4.0,13/11/2024 21:33:23,No,No,,,3.0,,4.0,2.0,4.0,1.0,3.0,4.0,3.0,5.0,3.0,4.0,"I was less familiar with the tech-stack than I expected. This is somewhat normal for the job that I have. However, this meant I had to split my work into two sessions. While I had created a working solution in the first session, it is not something I would have submitted to any real client. I used the second session to create a solution to the standard I normally aim for when working with clients.",11/18/2024 19:38:04,"I did the task in two sessions. During the first session I spend around between 3 and 3.5 hours on the task. During that session I mainly focused on understanding the codebase, but also already found/solved the issues I needed to address. But, I also noticed that I felt much less comfortable in the codebase than I had assumed initially. It has been a bit over 10 years that Ilast actively worked on a Java project. The next session took me 4.5 to 5 hours. I used that time to get the changes to the quality I would feel comfortable handing to a paying client. So, the total time estimate that I spent on the task is 7.5 hours.",5,191,57,248,12,False,False,False,False,True,False,False,27000.0,3.5
anon041,1,3,0,False,8.19,0.7,9.0,2349704,28800.0,Man,20-29,France,Professional,Beginner,No,,,,,,,,,,13/11/2024 21:25:58,No,No,,,1.0,,5.0,3.0,4.0,2.0,3.0,3.0,4.0,5.0,5.0,5.0,"As a mainly C/C++ embedded developer, it was fun to learn something new!",12/28/2024 15:45:16,I would say that I spent about 8 hours actively working on the task. It was a nice change of pace from the embedded programming I am used to.,5,51,24,75,7,False,False,False,False,True,True,False,28800.0,3.7
anon142,1,2,0,False,8.35,0.7,18.0,8818,,Man,30-39,Germany,Professional,Intermediate,Yes,2.0,3.0,3.0,4.0,4.0,3.0,2.0,3.0,3.0,13/11/2024 20:10:09,Yes,No,,,2.0,,5.0,4.0,5.0,1.0,4.0,4.0,4.0,5.0,3.0,3.0,,11/25/2024 20:22:08,,5,197,93,290,9,True,False,False,False,True,False,False,8818.0,4.2
anon002,0,0,0,False,8.18,0.69,2.0,3674133,28800.0,Man,30-39,Ukraine,Professional,Intermediate,Yes,3.0,3.0,3.0,2.0,4.0,4.0,2.0,3.0,3.0,13/11/2024 20:02:01,Yes,No,,,4.0,,4.0,4.0,3.0,4.0,3.0,4.0,4.0,3.0,4.0,2.0,For some reason couldn't find good Maven documentation. In the end just gave up on attaching debugger.,1/14/2025 16:48:28,,1,22,12,34,2,False,False,False,False,True,False,False,28800.0,3.5
anon017,1,1,0,False,8.23,0.7,2.0,520710,21600.0,Man,40-49,Poland,Professional,Intermediate,Yes,2.0,4.0,4.0,5.0,2.0,1.0,3.0,1.0,2.0,13/11/2024 19:58:06,No,No,,,3.0,,5.0,4.0,4.0,5.0,5.0,4.0,3.0,5.0,4.0,5.0,,11/29/2024 21:56:37,"My best estimate is 4 hours of coding total (two sessions). Also, I have spent extra 2 hours troubleshooting unfamiliar tools required by the task (like authentication problem with eGit client or weird errors in github actions).",1,23,11,34,3,False,False,False,False,False,True,False,21600.0,3.6
anon080,2,1,0,False,8.41,0.56,13.0,116487,21600.0,Man,60-69,Netherlands,Professional,Advanced,Yes,2.0,2.0,4.0,4.0,3.0,2.0,4.0,2.0,2.0,13/11/2024 19:53:21,No,No,,,4.0,,5.0,3.0,5.0,2.0,3.0,4.0,4.0,5.0,3.0,1.0,"trying to find the missing part in the ingestion of the base data (the summary json) put me off for a long time and made me gave up in a first round. Then in a new sitting with short breaks I first tested some extra functionality. Then I stumbled upon the missing summary data, and completed it with the summaryDTO. I also refactored the search function with some simplification and cleanup to make the added time search easier to add.",11/27/2024 7:51:17,,2,299,65,364,11,True,False,True,False,True,False,False,21600.0,4.1
anon013,1,0,1,False,8.22,0.66,,18270,10800.0,Man,30-39,Germany,Professional,Intermediate,No,,,,,,,,,,13/11/2024 19:46:57,"Yes, but breaks",No,,,4.0,,5.0,4.0,5.0,3.0,3.0,4.0,5.0,5.0,5.0,5.0,"It has been some time since I did the exercise, so I'm not completely sure. If I remember correctly, I took one long break and in total ended up with a working time of about 3 hours, as the task description asked for.",11/29/2024 9:16:31,,2,235,270,505,11,False,False,True,False,True,False,False,10800.0,4.0
anon116,1,2,1,False,8.55,0.71,14.0,88615,28800.0,Woman,30-39,India,Professional,Advanced,No,,,,,,,,,,11/10/2024 9:39:39,"Yes, but breaks",No,,,3.0,,4.0,4.0,4.0,3.0,3.0,4.0,3.0,4.0,3.0,4.0,"I feel refactoring was fast, but doing the solution in one sitting was a little tricky, the problem statement is bigger and took more than mentioned in Readme.

There are many points to fix/refactor in the code, that took time and more than one sitting. The mundane task of creating test data- rewriting the test data utility slowed me down.",10/24/2024 9:48:55,"I do not remember as of today, but it was for sure lower than 25 hours - I would guess it was roughly around or less than 8-8.5 hours.",7,660,512,1172,29,True,False,False,True,True,False,True,28800.0,3.4
anon056,1,2,1,False,8.28,0.71,2.0,20873,5400.0,Man,30-39,India,Professional,Advanced,No,,,,,,,,,,10/10/2024 10:10:53,No,No,,,4.0,,3.0,4.0,4.0,2.0,4.0,4.0,2.0,4.0,4.0,1.0,"It took around 4 hrs but I was interrupted by some calls, in actual it took around 1.5 hr to understand and code and I was also a little unsure about the quality I was pushing and I had never used webflux so took some time to understand it via code only ( no googling)",10/24/2024 9:47:33,,1,54,40,94,3,False,False,True,False,True,False,False,5400.0,3.8
anon124,1,1,1,False,8.27,0.7,1.0,5554287,19200.0,Man,40-49,United Kingdom,Professional,Intermediate,Yes,3.0,4.0,5.0,4.0,,4.0,3.0,4.0,4.0,11/10/2024 14:13:54,No,No,,,4.0,,2.0,3.0,4.0,3.0,3.0,3.0,2.0,3.0,3.0,5.0,,1/7/2025 21:39:33,1hr - initial read through and head scratching and project setup 2hrs - fixing bug and getting to grips with unfamiliar code 2 hrs - implementing changes to pass the tests 20mins - working out how it should be submitted,1,54,33,87,4,False,False,True,False,False,False,True,19200.0,2.7
anon019,3,2,0,False,8.38,0.71,1.0,13194,,Man,20-29,United Kingdom,Professional,Advanced,Yes,1.0,3.0,3.0,4.0,4.0,4.0,2.0,3.0,3.0,09/10/2024 12:57:22,Yes,No,,,4.0,,4.0,4.0,4.0,2.0,4.0,4.0,4.0,5.0,3.0,2.0,It felt fulfilling to refactor the code into something readable,11/5/2024 15:53:38,,4,76,54,130,4,False,False,True,False,True,False,False,13194.0,4.0
